,word,frequency
24,של,3545308
62,את,2092993
218,על,1744194
176,הוא,951186
78,עם,726096
436,ב,655408
359,היה,494803
0,היא,454187
1951,בשנת,444564
185,גם,442608
704,לא,412787
2722,לאחר,408971
326,ידי,408104
338,בין,372542
199,או,320000
145,כי,311111
72,ה,288075
83,זה,282410
773,אך,276601
64,עד,259614
252,הייתה,245010
170,יותר,240915
446,כל,216082
526,אשר,210399
541,הם,206213
442,זו,200647
1550,הראשון,188328
1176,היו,186084
172,שם,184117
322,ביותר,180377
6947,בית,175865
2374,הברית,168998
180,כמו,167846
10000,ישראל,167431
1274,שלו,167216
319,כאשר,158567
2150,כדי,157192
1603,בו,155386
631,מספר,154668
745,אחד,151564
355,כך,147170
1068,אותו,144089
1143,במהלך,142927
134,זאת,136996
4317,לו,129740
95,שני,128364
1203,העולם,127126
1248,אל,122070
226,אף,121785
2271,מכן,119482
251,הראשונה,119032
4662,העיר,118553
327,כ,118075
104,רבים,117358
262,יש,116725
1045,רק,115786
219,פי,114267
3060,החל,109684
821,בה,108461
1602,הספר,108422
4215,במקום,107192
470,ל,107114
328,שנה,106545
1291,שנים,105973
1664,בשם,104546
285,באופן,104396
1047,כן,102618
144,אם,101754
3779,בבית,101142
35,חלק,99799
824,השני,99596
561,אותה,99081
3615,בן,96459
329,לפני,96379
211,המאה,94845
6949,נולד,93819
3326,ארצות,93111
2359,השנייה,91998
731,אחת,90822
5435,נגד,90674
439,זכה,90642
41,ניתן,87943
1804,מ,85973
692,שלה,85567
1153,בעיקר,84349
182,שהוא,83176
1902,עבור,83015
1090,בכל,82408
2358,מלחמת,82270
2723,השנים,81457
843,שלא,79682
1095,להיות,77632
685,וכן,77569
10168,ראש,77472
3857,השיר,77415
133,בעקבות,76447
478,אלו,75471
3842,באנגלית,75258
1085,והוא,74924
1866,אולם,74206
274,בני,74155
249,שונים,74042
3923,יחד,73558
2122,שהיה,73440
1370,באותה,73251
1608,לה,73014
9868,ו,72484
1776,מן,72111
10015,המדינה,71591
742,כלל,71300
10019,בעיר,70845
316,רבות,69730
10674,הרב,69681
4414,חברת,69376
528,באמצעות,69274
1345,הן,69182
14756,הסרט,68713
141,ללא,68608
431,בהם,68441
16598,הקבוצה,68305
98,אלה,67744
5185,בקרב,67111
119,אחרים,66790
2398,שנות,66456
7166,בשל,66356
1264,formula,66208
10308,במאי,66130
629,תחת,65864
1050,ולא,65858
611,במסגרת,65725
1889,שתי,65707
164,בנוסף,64811
803,אחר,64388
1151,במשך,64359
1389,אחרי,64297
3769,בישראל,64047
1536,מה,62913
279,זמן,62687
82,דבר,62660
7770,יצא,62573
792,מנת,62226
1483,לראשונה,61537
6636,עבר,61112
166,עוד,60687
111,החברה,60579
2630,בינואר,60252
8789,בספטמבר,60170
472,מיליון,60060
464,כתב,60017
1075,תוך,59845
6321,באוקטובר,59835
3565,חיים,59611
1225,לפי,59437
6791,ביולי,59403
7645,מטר,59296
1435,אדם,59254
267,דרך,59027
5349,באוגוסט,58917
1071,מאוד,58896
6798,במרץ,58782
1074,רב,58479
12826,באזור,58353
1431,ספר,58337
334,מתוך,58310
11072,אביב,58267
1540,משנת,57848
8679,ביוני,57758
1106,כולל,57477
10559,המלחמה,57313
1309,כמה,57205
2930,בעל,56839
5,כגון,56733
6314,בנובמבר,56450
6937,בשנים,55903
585,בעלי,54970
8468,באפריל,54886
324,כיום,54492
6797,בדצמבר,54434
10246,מונה,53944
596,נוספים,53828
5561,לאור,53577
890,מאז,53482
5138,שנת,53349
975,עצמו,53341
1237,שבו,52379
14387,זכתה,52323
2287,הגיע,52102
9138,יום,51987
415,ואת,51901
706,בידי,51545
3846,בארצות,51485
1018,אלא,51293
741,בדרך,51127
5211,מול,50857
610,אותם,50771
72048,האלבום,50647
8419,בפברואר,50624
3055,דה,49192
186,קיבל,49145
540,נוסף,48743
90,החלה,48640
55,כבר,48386
1334,אין,47798
110,ואף,47689
1639,אז,47559
777,שונות,47279
6938,הממשלה,47209
2270,ולאחר,47079
26095,בסרט,46916
694,הגדול,46884
2862,ועד,46829
89,לכך,46766
4123,השלישי,46480
20489,בתפקיד,46332
1141,בלבד,46245
5065,באוניברסיטת,46190
3248,ועל,46144
3468,להם,45953
146,לעיתים,45881
970,בעולם,45853
589,שלהם,45822
8364,חבר,45788
11002,יהודים,45740
433,רוב,45518
976,לאורך,45447
755,לבין,45224
538,המשפט,45146
1197,גדול,44775
82019,העונה,44682
11031,שימש,44579
378,לכל,44031
3316,הפך,43951
299,מערכת,43756
70424,שיחק,43563
59,שלושה,43345
3448,קבוצת,43284
850,שהיא,43233
11071,תל,43068
3666,דקות,42867
19870,הצבא,42638
2804,אינו,42445
471,מעל,42034
167,בעת,42011
998,שימוש,41528
2697,יכול,41518
604,בתחום,41502
1993,בזמן,41423
11148,בת,41225
3951,יורק,41217
1544,עקב,41163
1269,ערך,41002
5441,פעולה,40980
18809,רבי,40936
5810,מחדש,40903
3375,ילדים,40637
3697,אבל,40203
5345,שמו,39971
7234,וב,39903
6988,בגיל,39864
383,היום,39833
1014,למרות,39587
27496,למד,39348
3979,הלהקה,39061
444,חדש,39044
670,נמצא,38971
30405,המפלגה,38948
419,בסוף,38804
3809,הים,38787
6959,אביו,38650
1149,אצל,38587
8033,The,38487
1506,כוחות,38477
3033,לצד,38460
1487,בתוך,38437
12178,היהודים,38380
1351,בעוד,38214
149,בהמשך,38208
2693,אנשים,38123
10052,יהודי,37896
1606,עליו,37809
26536,נשים,37670
4678,גרמניה,37543
7026,לבית,37478
7366,נבחר,37390
865,והיא,37342
6233,למקום,37230
39,האדם,37151
7190,הבכורה,37147
4731,השנה,36982
2897,מאוחר,36968
7277,הסדרה,36812
29064,במשחק,36594
2170,מהם,36567
2738,אנשי,36518
12029,ברחבי,36485
1145,למשל,36428
4604,בארץ,36364
1220,תוכנית,36352
9707,שלוש,36352
2415,בשנות,36278
3701,שוב,36272
8376,תואר,36033
4071,איש,35942
73,שבה,35840
8326,הבריטי,35793
900,ולכן,35758
1741,רבה,35703
2007,הארץ,35693
22365,האימפריה,35561
4274,קצר,35454
7222,אירופה,35379
3273,מקום,35362
2050,במיוחד,35167
8631,בירושלים,34950
11232,המלך,34730
296,נוספת,34685
6463,בתי,34548
28729,חיל,34502
6072,תקופה,34426
16016,צרפת,34287
10113,סיים,34210
3457,חברי,34145
30696,הכנסת,34122
558,ראשון,34000
1168,וגם,33967
32966,המשחק,33930
2481,החלו,33858
210,בתחילת,33727
1280,גון,33699
56452,באליפות,33614
181,השם,33511
6734,שהיו,33283
7799,והיה,33165
7078,הראשונים,33053
215,בכך,32990
539,האחרון,32930
1363,כלי,32888
3988,מלך,32745
16140,בנו,32697
2418,כמעט,32630
10169,ממשלת,32616
11100,נולדה,32560
7221,מדינות,32559
1714,of,32336
822,האי,32156
2263,כוח,31983
9626,פעמים,31863
597,שהם,31802
7343,נקודות,31775
14466,האוויר,31514
3103,בתקופת,31510
8666,ירושלים,31426
280,ימים,31365
5050,שהייתה,31337
6717,באותו,31252
2392,ניו,31198
4654,הגמר,31102
485,כתוצאה,30823
1442,אחרות,30673
4127,חזר,30670
184,ממנו,30293
30742,השתתף,29995
2426,בהן,29989
1953,חוק,29945
6933,מותו,29920
2458,בפרס,29859
22569,ברית,29847
20523,עלה,29826
20191,המדינות,29762
993,החיים,29718
4161,מרכז,29565
2948,פני,29541
4611,המועצות,29538
66,בצורה,29521
10403,פרס,29367
6780,ארגון,29335
4073,ביניהם,29309
724,נקרא,29148
11057,דוד,29029
4098,פעם,28790
10573,במלחמת,28763
774,עדיין,28739
10746,משה,28669
2463,הגדולה,28646
3044,בתקופה,28603
2025,לרוב,28497
5136,דולר,28452
2370,הצליח,28439
13640,הראשי,28438
5262,החדש,28383
2459,לשנת,28275
34939,נבחרת,28244
1076,במספר,28139
6288,התוכנית,28069
1672,למעשה,28060
3810,ועוד,28025
6993,הבית,27938
8674,הלאומית,27901
3953,ידוע,27827
8357,זהב,27815
253,ככל,27735
13005,העליון,27720
6492,הקהילה,27694
28486,צבא,27672
981,החדשה,27458
4840,מדי,27452
582,קבוצות,27420
195,כלומר,27414
4467,היתר,27353
1228,כפי,27325
13929,ובשנת,27315
1007,משחק,27289
2425,נוספות,27178
6208,בעבר,27168
3204,מצד,27143
5479,לשעבר,27085
11068,היהודית,27056
2732,כנגד,27049
10236,מטעם,27047
6724,עבד,26938
13594,משרד,26884
2339,קטן,26767
11042,נשיא,26728
1019,כחלק,26718
654,תפקיד,26702
12176,מאת,26696
1245,גדולה,26672
9316,מים,26669
1747,נחשב,26633
67,בלתי,26606
10543,הנשיא,26591
3899,הגיעו,26578
6392,מי,26567
1703,והן,26369
4055,מכיוון,26365
6281,אלבום,26322
14582,עונת,26297
223,יהודה,26200
18461,סרט,26172
852,אינה,26136
1654,לכן,26091
57434,בתוצאה,26030
460,לשם,26012
12930,בסדרה,25987
598,בפני,25891
4969,בעונת,25826
4199,לקראת,25763
2261,הזמן,25651
12798,הוקמה,25583
3912,בניו,25582
7300,בגלל,25577
10306,אפריקה,25574
65,המשיך,25569
3010,הפכה,25533
4294,סדרת,25474
8630,הלאומי,25445
71,במאה,25432
8265,שר,25430
2479,מעבר,25416
24187,מפקד,25369
10515,הצטרף,25368
5397,הטוב,25346
3935,העבודה,25311
16328,יוסף,25262
1597,אליו,25242
3474,קודם,25224
682,ובכך,25118
1098,שונה,25077
1515,במדליית,25072
13846,הופיע,25036
3990,היהודי,24973
6680,חודשים,24911
56,בשלב,24872
23156,יצחק,24870
16316,בתל,24867
11020,הקמת,24777
1222,בסיס,24726
1286,משום,24721
4835,לישראל,24639
13319,מטרים,24595
9975,חתם,24580
1977,שיש,24567
4058,קשר,24538
4922,מחוץ,24524
12868,הארגון,24500
2257,עברה,24478
624,הרביעי,24440
1756,שכן,24393
135,במקביל,24375
4032,ארבעה,24352
2411,הכוחות,24345
1658,הרבה,24317
1744,דומה,24289
20350,הדין,24256
1647,לעומת,24229
11479,קרב,24168
16262,המשפחה,24148
313,מידע,24110
15922,הוקם,24032
32234,הקרב,24020
4321,בראש,23935
4200,סוף,23875
2651,חברות,23845
8251,כיהן,23813
15917,השלטון,23792
23846,לארץ,23744
5748,כסף,23736
4299,the,23696
6489,במטרה,23683
1088,קשה,23671
5469,זכויות,23671
19144,רוסיה,23612
3166,בתור,23601
6879,החוק,23544
4532,ליד,23535
2200,עבודה,23520
19925,יעקב,23483
1166,פחות,23457
1528,והם,23452
10612,מדינת,23435
4512,להגיע,23369
3505,הופעות,23312
13998,הטלוויזיה,23279
24261,שיר,23245
1922,נעשה,23177
7058,עת,23158
5924,ראשי,23132
11290,אזור,23129
32073,דין,23124
11699,במרכז,23105
8380,נפטר,23089
12827,התיכון,23007
13959,בצפון,22972
1937,לקבל,22956
3325,בדרום,22807
2169,התנועה,22766
8404,אי,22665
2057,ביחד,22665
959,יחסית,22586
5527,כלפי,22550
7014,לתפקיד,22546
1358,עצמה,22533
4187,שירים,22501
3940,מכל,22456
11093,סיום,22372
2593,העברית,22353
2162,פרסם,22285
1432,בנושא,22241
3719,לב,22241
2633,למעלה,22224
53060,בליגה,22207
6982,ללמוד,22197
1910,יהיה,22147
14739,ארץ,22141
10814,ביום,22136
36385,הבחירות,22023
29979,הליגה,22014
288,ארבע,22007
701,בעזרת,21935
964,האם,21915
1182,סביב,21876
1015,אינם,21876
19616,לפנהס,21845
3533,מכך,21748
16649,קמ,21723
3627,פעילות,21712
9270,השלישית,21708
4550,אמריקה,21647
15540,בסדרת,21600
4765,הנוער,21599
10631,דר,21576
32369,בבחירות,21502
57294,סיימה,21496
42,למצוא,21473
31473,הסכם,21454
4632,בתחרות,21446
2135,לצורך,21422
69,תקופת,21343
4838,הישראלי,21322
10196,אשתו,21307
8661,אברהם,21286
2373,בעלות,21249
1374,ואילו,21168
22263,צהל,21095
583,ושל,21055
4748,לעבוד,21016
254,הנראה,20982
3623,אמר,20943
902,גבוהה,20907
13883,ההגנה,20901
16710,דרום,20895
8491,האמריקאי,20875
2875,מבין,20862
7006,לימודיו,20858
384,הגיעה,20825
10605,החולים,20815
27474,מחוז,20801
43991,במצעד,20779
6870,אור,20773
580,בעלת,20758
1052,תהליך,20755
16417,עונה,20734
4404,וכך,20734
571,מחקר,20733
33277,לעיר,20721
1035,בהתאם,20712
8944,רשת,20701
4105,המקום,20647
36301,אחיו,20638
8267,בריטניה,20611
1242,בניגוד,20602
2992,מפני,20598
6069,הזה,20589
2161,ב־,20579
14511,המים,20520
5229,כיוון,20421
12033,האזור,20420
2368,הגרמני,20375
3539,לגבי,20347
3463,באירופה,20335
666,מערכות,20327
6715,אוניברסיטת,20323
13954,חברה,20318
261,לדוגמה,20251
131,חדשים,20239
29363,שער,20220
6954,במחוז,20200
8062,קו,20162
28490,עיר,20147
1510,חדשה,20124
13844,במדינה,20109
11808,שטח,20071
6939,הבריטית,20000
2807,בספר,19969
28586,חיילים,19949
638,לבסוף,19938
9239,הפועל,19917
2364,ליצור,19917
10979,העם,19915
4003,המרכזי,19911
469,נכון,19886
3493,גדולים,19880
1771,משחקים,19871
2477,הראשונות,19853
11095,חזרה,19820
10946,היחידה,19797
165,קיבלה,19757
9994,הקים,19722
242,לראות,19701
62092,לשחק,19641
10090,החינוך,19628
14294,בתוכנית,19609
1997,בסופו,19586
1505,לאחד,19535
534,ממנה,19520
12071,מין,19511
1408,קיים,19492
6346,משפחת,19484
18459,שניות,19478
2849,המוזיקה,19407
4409,עולם,19372
2719,הישראלית,19360
2516,חצי,19287
4717,יכולים,19285
2175,הכוח,19262
2609,קבוצה,19244
21132,החוץ,19243
10516,היישוב,19239
191,משמש,19212
27490,ספרים,19167
8130,החליט,19158
9920,שלאחר,19154
979,השימוש,19127
2341,מצב,19080
14420,הרוסית,19053
7,מבנה,19024
1758,שבהם,18984
76,יחסי,18983
10034,משפחתו,18944
8662,שלום,18933
7150,עמד,18925
300,אחרת,18917
387,בזכות,18878
7806,קבע,18875
34906,התעופה,18855
7995,הצעיר,18822
3019,ימי,18811
24817,הרפובליקה,18810
664,שמה,18807
4232,זכו,18789
35165,שנערכה,18769
3169,הופיעה,18723
840,שלמה,18710
7313,בשני,18685
491,היחסים,18609
4944,הצבאי,18597
4740,בשנה,18589
28405,כבש,18585
1164,להשתמש,18520
11022,הר,18520
2558,נכתב,18514
4904,הבינלאומי,18484
16390,בעונה,18475
5868,פעיל,18460
1705,מעט,18454
197,חופשי,18424
8777,מת,18403
445,מדעי,18401
2615,בקבוצה,18396
33661,שערים,18382
7321,חייו,18353
2010,תנועת,18315
1870,עליה,18303
3487,היחיד,18258
14034,העל,18242
8599,פתח,18224
3205,ובין,18148
39895,המועדון,18134
28051,איטליה,18124
146177,במשחה,18120
689,לי,18120
2488,נראה,18108
6738,בקבוצת,18107
603,חשוב,18091
205,אבן,18065
18767,גורג,18041
8289,הזהב,18038
81,התקופה,18012
588,המבנה,17990
10628,נהר,17922
4233,להצלחה,17907
4732,ובו,17906
8411,אלכסנדר,17904
31462,השתתפה,17901
70425,שיחקה,17894
1507,מהווה,17874
9089,שבע,17849
9118,טוב,17812
5045,מנהל,17793
10821,למען,17787
42742,הקריירה,17782
3343,האמריקאית,17773
2232,גבוה,17756
22360,חי,17746
3485,הופעת,17741
28187,הביטחון,17711
5371,למנוע,17705
5991,יד,17703
14340,ישראלי,17690
4360,שבין,17664
1586,טען,17660
21753,בערוץ,17618
10007,המועצה,17582
360,השאר,17562
147,קרובות,17545
16375,תושבי,17493
5419,מסוג,17461
11835,עשר,17454
1292,האחרונה,17453
13874,מלחמה,17429
3510,להקת,17383
13235,מבצע,17329
465,העת,17313
20074,עשרה,17308
3550,ים,17287
487,לבצע,17240
27937,חיפה,17237
3162,במקרה,17203
1257,יכולה,17203
11173,הוועדה,17200
2704,בעברית,17192
16015,ספרד,17173
4633,ניצח,17172
4146,הדבר,17163
26762,הנשים,17158
2377,צוות,17154
8128,שעות,17149
5246,מאות,17113
14915,הוציא,17100
16646,במזרח,17090
17813,אמריקאי,17084
28109,הכפר,17073
3799,א,17067
4853,שחקן,17012
5791,ביקורת,16968
448,הללו,16942
8992,שמונה,16932
28839,הילדים,16906
3996,גיימס,16888
5077,הכללי,16883
85890,מדליות,16883
4881,שיא,16867
1846,מקור,16845
4126,גיל,16842
10890,הצי,16824
10555,השניים,16806
2882,מוזיקה,16772
54521,למשחק,16766
8139,אני,16691
3025,הכנסייה,16687
2727,שנתיים,16687
11226,אלף,16684
841,ישנם,16666
49223,השירים,16654
2708,חמישה,16611
25874,שיצא,16562
4022,קטנים,16551
2002,לידי,16543
8028,החמישי,16494
10610,העצמאות,16481
5316,האוכלוסייה,16449
11018,בפעם,16433
84,הוביל,16433
1781,הגדולים,16418
25711,צפון,16351
5873,מרבית,16309
9970,הגרמנית,16309
1079,בדומה,16287
5627,סוג,16285
32168,מפלגת,16259
3775,שירת,16235
9969,בגרמניה,16230
10025,יהודית,16220
8435,שנערך,16200
2388,באתר,16183
16883,נכנס,16117
1146,רמת,16101
4583,לעשות,16092
2078,כדור,16091
714,העיקרי,16087
10949,הגרמנים,16083
4472,המרכז,15986
337,הקשר,15977
9995,ועדת,15928
36006,קולנוע,15926
955,מסוים,15908
2125,מבחינה,15904
57274,בגביע,15857
3422,הדרך,15819
352,שינוי,15778
3818,לשיר,15755
8400,הצרפתי,15751
4659,טלוויזיה,15741
4831,האחרונות,15708
4039,בסגנון,15693
24546,מזרח,15644
7005,עזב,15629
9824,נמצאת,15592
12188,מתחת,15590
655,מרכזי,15563
4095,המקורי,15562
2291,מאשר,15559
3964,תחילה,15557
7932,רקע,15549
698,משפט,15519
4727,גביע,15515
12803,חוזה,15481
9585,הצליחו,15460
10186,כשהוא,15413
29021,הרכבת,15412
178799,הסינגל,15384
278,יחידות,15377
5191,קבוע,15371
13323,קילומטרים,15367
10039,חמש,15366
2999,מעמד,15358
783,שאין,15355
5339,וכי,15355
600,זהו,15353
11853,בשתי,15349
6290,שירות,15348
3079,ויליאם,15343
10162,באוניברסיטה,15338
1519,מסוימים,15312
10832,צבאי,15304
30384,המשטרה,15299
3088,ועם,15288
34519,הקולנוע,15287
1324,קיימת,15284
11058,כהן,15242
8382,בלונדון,15233
8366,הצרפתית,15221
1843,אליה,15215
9690,הנבחרת,15215
2142,אפשר,15187
1858,במערכת,15187
646,המחקר,15182
4861,השחקן,15172
18959,מועצת,15153
2185,שדה,15138
8406,בר,15133
10242,שב,15107
28631,בניצחון,15106
8633,המכונה,15089
126,חדשות,15072
392,בימי,15070
8904,פון,15069
9247,מאחר,15015
11442,הציבור,15009
4977,משפחה,14947
15458,מופיע,14941
1390,הכל,14922
4468,משחקי,14916
4674,אליפות,14902
17599,בתואר,14897
13868,נערך,14892
3773,גוף,14881
2112,מצרים,14874
11665,מיד,14873
3282,המערבית,14868
28595,תושבים,14819
21254,בשטח,14813
10151,בתחילה,14809
4334,שאר,14807
2963,בתיאטרון,14795
866,יחסים,14792
4862,מגיע,14787
2113,סין,14786
4027,הרכב,14773
2950,התרבות,14739
159,העתיקה,14729
16692,ערב,14710
525,עליהם,14708
1903,הרי,14701
7691,עברו,14696
10248,הקיסר,14692
5611,מדינה,14686
4613,השתתפו,14645
35271,בתו,14627
375,השונים,14622
3759,תחילת,14561
1640,לפחות,14537
1982,במהירות,14505
9980,נשק,14501
11193,רשמי,14499
6486,יכולת,14490
5317,ציון,14463
599,עצמם,14416
10161,פרופסור,14409
4031,קטנה,14367
6483,ניסיון,14355
16747,בסמוך,14353
5972,קרוב,14343
10454,בפועל,14340
524,שניתן,14239
28465,פולין,14221
3961,יצאו,14201
28517,בצרפת,14165
3648,הגוף,14164
1818,בחלק,14138
1706,ביחס,14137
27449,הבריטים,14123
5427,הודיע,14115
5258,חברים,14113
8671,לארצות,14091
2378,בראשות,14091
409,פיתוח,14081
2068,ניסה,14070
12811,לצאת,14064
825,גדל,14049
5602,הפעולה,13989
16086,de,13969
7680,עסק,13945
3304,תיאטרון,13944
6963,אמו,13932
2571,אתר,13923
7443,קרן,13913
16737,המערבי,13899
6683,חודש,13882
17542,האדום,13850
6741,לשמש,13847
22960,גן,13832
13676,להקים,13814
8703,נמצאים,13799
13671,מדיניות,13782
1623,בגרמנית,13768
16309,מאיר,13759
7147,הימים,13751
24112,המזרחי,13743
2830,תרבות,13741
6151,תוכניות,13707
2954,גברים,13678
44164,למפקד,13674
1531,הכולל,13661
11900,תפקידו,13640
34943,הכדורגל,13633
10321,נתן,13624
23027,ממלכת,13611
16376,הממלכה,13608
8188,עשרות,13608
8180,בהיסטוריה,13604
11087,הזוג,13598
237,לימודי,13577
112099,במדי,13558
6957,אנגליה,13558
13701,חולים,13548
4585,מיוחד,13533
20652,בסך,13530
3507,לכיוון,13527
2595,בראשית,13517
11825,לעבור,13495
27675,וזכה,13446
7067,לונדון,13440
1521,ורק,13420
1525,במקור,13419
6399,and,13416
16369,הוציאה,13407
16586,בשיתוף,13405
8254,למשך,13401
3573,ראה,13388
1873,מדובר,13366
1227,קיימים,13365
4909,חוסר,13360
173,התואר,13356
29236,בכפר,13343
6871,לבן,13324
12419,המשנה,13295
2691,גדולות,13291
29824,בפריז,13291
708,צורך,13288
10972,העיתון,13280
14809,עלתה,13279
5087,לפעול,13267
3499,משני,13264
1178,די,13241
13634,בבתי,13234
8650,האוניברסיטה,13230
25320,פרסי,13219
4557,עץ,13211
19745,סיפור,13190
1711,A,13179
16841,מזון,13166
11082,ממוצא,13149
36561,כראש,13125
204,אמנות,13119
9953,נודע,13115
11439,משמעותי,13097
1038,המשחקים,13073
13850,הצליחה,13070
4091,חלקים,13066
7472,משנה,13058
34,תמיד,13056
9273,באמצע,13050
3798,שמואל,13049
393,הביניים,13049
2163,ספרו,13048
2259,כללי,13040
38676,צבי,13029
10055,חינוך,13026
7613,רוברט,13006
3584,האזרחים,13004
9856,הבא,12999
5393,שכל,12996
6,כמות,12995
13878,אנגלס,12993
1378,נושא,12992
36644,לסרט,12987
14414,האיחוד,12977
13718,במדינות,12972
14421,בחברה,12968
44764,הנבחרים,12944
8127,כעבור,12939
34921,בליגת,12939
8706,שעל,12933
2114,הודו,12908
8852,וזאת,12906
14710,הצפונית,12899
34726,כפר,12893
1144,ראו,12884
36904,לראש,12880
14956,צעיר,12876
16599,נבנה,12861
2520,פרי,12850
9713,רשמית,12819
4973,והחל,12807
787,כוללת,12805
21399,דמות,12801
10288,יצאה,12787
257,לשני,12770
939,אותן,12768
2638,שיתוף,12760
8483,הפכו,12754
6009,לטובת,12751
7235,פורסם,12724
66271,אביה,12704
37445,ניצחון,12654
17012,החוף,12652
2384,מעולם,12650
1482,נמצאו,12642
9212,הגבוה,12634
132,לחלוטין,12622
422,הקבוצות,12603
17471,הרומית,12588
17484,השטח,12588
1681,פנים,12579
4945,לשמור,12576
1852,שאינו,12564
6987,שכתב,12564
13467,בצבא,12558
49612,ליגת,12556
9966,לשלטון,12553
7022,הנרי,12535
6858,השפעה,12527
931,הידוע,12524
1326,מסוימת,12518
6153,מהן,12509
8310,פרש,12505
8865,עומד,12489
14671,אוסטרליה,12485
1976,גרסה,12481
8436,בבריטניה,12462
1541,ברוב,12458
2921,לתוך,12456
13015,הצפוני,12451
9004,המרכזית,12445
18802,דם,12441
4702,עולה,12438
10301,באי,12427
892,העשרים,12422
2003,ביטוי,12415
921,ובהם,12413
6757,הוחלט,12401
2350,המצב,12398
75704,ארד,12397
6551,גבי,12391
11065,צריך,12391
21085,מסע,12388
2974,המערכת,12358
7486,שגם,12348
289,פעולות,12345
2390,סמוך,12326
12172,דמותו,12325
5838,אלפי,12322
10158,לדרגת,12298
845,לבנות,12288
3563,אודות,12283
11228,בחודש,12282
3154,מלא,12279
1876,תורה,12279
10003,פעל,12264
11527,לחזור,12250
1774,שאינם,12248
38794,לוי,12239
5583,הטובה,12222
2072,תמיכה,12216
18510,הפנים,12207
1174,הגבול,12197
7478,ואז,12188
9099,ובהמשך,12187
426,המשיכה,12184
32540,מטוסי,12184
30749,שותף,12181
4011,אישי,12157
380,ההיסטוריה,12155
4196,מלבד,12145
1927,יתר,12132
34106,ברחוב,12131
1409,במידה,12104
1411,חוקי,12102
41708,המחוז,12098
3331,בשימוש,12093
72306,מכבי,12089
24843,במערב,12063
31939,יפן,12060
10061,ספרי,12046
26945,הנהר,12038
281,עונות,12036
11334,טיפול,12017
5502,במצב,12013
8135,שבועות,12009
1966,לשימוש,11990
871,רחב,11976
1124,בשפה,11968
16699,לאזור,11964
16962,הקרקע,11961
65676,העיירה,11957
10244,הפעם,11957
1093,השפה,11955
8299,סגן,11953
3617,עשוי,11950
13349,מחלקת,11947
6884,משמעותית,11924
34579,תחנת,11910
4033,שישה,11903
294,להשיג,11874
24714,לאומי,11863
4964,נקבע,11859
5946,מבית,11855
1532,העובדה,11855
4212,צעירים,11854
9263,לעבר,11849
693,כנראה,11847
155,המילה,11836
1542,נוצר,11834
8712,סרטים,11834
14438,המקומית,11826
8202,דייוויד,11818
8688,לימים,11796
34631,לאמנות,11786
10875,הגנה,11775
17663,השישי,11773
4960,השחקנים,11765
66421,ניצחה,11756
13595,עובדים,11755
3445,לקבוצת,11753
4670,העולמי,11752
3629,באזורים,11747
31935,לפרס,11737
560,להמשיך,11737
7028,עשה,11724
37586,מעורב,11717
2184,הביא,11713
6484,להתמודד,11709
20798,נאלץ,11699
343,מס,11688
5465,גרם,11677
8330,להורג,11677
22499,שלטון,11674
3947,כולם,11660
3850,מערב,11659
53432,בפסטיבל,11647
99223,בטורניר,11644
9356,אוויר,11633
127,ולעיתים,11630
3874,יצר,11608
4065,דמויות,11599
31200,סן,11589
885,בנות,11582
2621,להקמת,11578
34500,הסרטים,11578
948,אפילו,11577
1194,בנוגע,11574
11080,פעמיים,11573
4432,דן,11572
15822,הקונגרס,11560
18534,האירופי,11524
19540,בעיירה,11523
1970,האתר,11522
4725,שלושת,11515
21580,גנרל,11506
3287,דרכו,11496
2360,נערכו,11494
5135,מיליארד,11491
2591,האקדמיה,11480
27100,המלכותי,11473
44389,הדיוויזיה,11457
99218,ליגה,11449
34550,רחוב,11422
27876,מצפון,11416
1759,משתמשים,11414
13871,פול,11395
18255,הדרומי,11395
6934,התמנה,11393
17859,החלל,11384
2032,לחלק,11369
37556,קנדה,11368
11079,נשוי,11354
1103,קיבלו,11324
8056,מגלה,11322
3906,שירי,11317
1183,עבודתו,11305
28663,הונגריה,11298
10418,קול,11286
14718,בפרק,11282
1901,כזה,11272
14947,להביא,11264
4849,מכונה,11263
9125,לתת,11262
1388,ייתכן,11259
4223,גישה,11253
12050,נשלח,11249
64812,בעלה,11227
10506,המאוחדת,11219
9188,בסיום,11217
11894,מקומות,11216
2482,להופיע,11214
6200,לכתוב,11209
22103,הסיפור,11209
52722,למדה,11201
2417,מתאר,11195
42521,כהונתו,11185
2991,חשיבות,11180
14712,הדרומית,11175
2251,הנושא,11164
7853,השונות,11160
4447,ספורט,11154
6390,שינויים,11114
10765,ומתן,11102
26594,כבוד,11097
30534,נהרגו,11071
16383,אסיה,11056
32812,אישה,11053
2617,תהיה,11039
15796,הבינלאומית,11022
11097,ושם,10980
2741,המידע,10976
132899,באלבום,10960
45784,קצין,10959
13199,ערוץ,10956
33805,בירת,10954
15670,בתחומי,10946
16209,בתום,10943
34573,סיטי,10940
5550,התקשורת,10934
943,כה,10910
22355,הצבאית,10905
39336,במועדון,10905
12122,מינים,10904
14852,הרשמי,10904
6613,מורכב,10897
13296,הבתים,10892
3581,גורם,10886
31523,לנשים,10870
115,בעיות,10869
14916,עורך,10850
3347,מגוון,10849
1504,מנסה,10848
53422,בסיבוב,10840
12151,לילדים,10832
31546,הפרלמנט,10831
17924,יוצא,10829
13876,קליפורניה,10806
271,כיצד,10804
10869,השואה,10801
2282,חיי,10798
12072,מיני,10790
3453,קטנות,10789
8246,אש,10782
5207,גורמים,10779
36643,מועמד,10775
32262,המטוס,10771
3684,החלק,10765
16258,להשתתף,10763
13803,תמורת,10760
9046,משפחות,10756
6622,הרביעית,10751
6405,לאפשר,10751
7216,ארוך,10743
16643,בקיץ,10742
11812,במקומות,10736
9623,לגרום,10726
4399,לשלב,10693
11179,שזכה,10692
3414,שמות,10688
107,הטבע,10679
914,כוללים,10679
7754,תומאס,10670
2335,התורה,10665
58655,לליגה,10663
30954,אורח,10656
28375,המזרחית,10655
18863,הרוסי,10654
21609,עותקים,10654
20961,הועלה,10654
34510,התיאטרון,10644
11411,עסקים,10643
10956,חוץ,10641
13460,לקבוצה,10640
100002,הבקיע,10638
5314,תקשורת,10626
7550,באורך,10613
3406,נמוך,10608
1978,חומר,10606
19914,שרה,10599
1453,בצורת,10589
4586,למעט,10587
477,עבודות,10580
30342,עיריית,10568
2856,יצירות,10558
32965,לשחקן,10553
33893,כתבה,10551
1265,למספר,10546
16416,בערבית,10522
17998,הודיעה,10503
8118,ידועה,10498
14402,וחצי,10484
13483,רכב,10483
8449,למשפחה,10480
2110,הגדולות,10479
16546,נשאר,10476
4832,גמר,10466
3440,וכל,10459
12973,והייתה,10445
18772,ברק,10435
6732,להפוך,10433
6473,לעולם,10425
2565,שיטת,10424
44991,מריה,10414
19730,ספינות,10413
3662,לחץ,10412
1775,ויש,10410
13171,להעביר,10404
18868,סופר,10403
36275,הפסידה,10398
8769,בטקס,10396
4971,שחקנים,10395
10551,במלחמה,10375
1760,פרק,10356
4695,הועבר,10351
6632,כללה,10350
11390,שש,10346
6386,לציון,10338
2653,טובה,10327
10865,להגן,10325
1615,קרל,10320
4270,במקרים,10313
187,משמעות,10300
138,ידע,10295
4000,תום,10292
473,מאמרים,10289
94035,בגמר,10271
3147,ואן,10269
6297,שנקרא,10263
6985,ברשימת,10243
15713,והפך,10238
969,שימשה,10238
10880,מבני,10223
4837,מועדון,10221
30395,הקברות,10215
31587,לצבא,10208
1428,בניית,10208
2545,האחרונים,10200
2883,האמנות,10183
2081,השמש,10177
5600,ברשת,10175
12161,האחים,10168
10599,המשך,10154
31923,פיקוד,10135
11013,ביקר,10135
640,התחיל,10132
33200,רשות,10124
8629,הספרים,10121
10826,רצח,10120
22963,נישא,10113
2594,החליטה,10107
34119,כביש,10106
1587,בספרו,10105
48311,אמה,10091
7173,ביקש,10082
28199,הממשל,10080
10146,במשרד,10079
7457,שנייה,10078
9457,כוכב,10075
118109,בנבחרת,10073
30443,ברוסיה,10052
28561,אזרחים,10036
6969,עמו,10034
16334,האגודה,10032
4415,התקליטים,10017
30688,כנסת,10014
4637,התחרות,9999
2933,המזרח,9996
5664,בצרפתית,9990
10576,ברור,9990
30703,לבנון,9987
9412,מזה,9974
1918,מבלי,9967
19908,קיסר,9948
4574,בגובה,9948
24331,גילם,9943
6582,יחיד,9934
36299,הנסיך,9923
6945,כחבר,9922
8240,מכיל,9922
958,נתונים,9922
379,אורך,9921
12214,המהפכה,9912
7649,סדר,9907
2097,מצא,9904
9983,הנאצית,9896
8426,מייקל,9892
12160,בחברת,9892
49123,דוכס,9885
3296,נפתח,9877
3892,מבוסס,9859
3711,יכולות,9856
19322,פרופ,9855
5432,הגישה,9853
1677,הציע,9850
53423,ההופעות,9841
22065,הכלכלי,9835
37180,הארמייה,9816
7922,תנאי,9815
10029,מפעל,9815
7069,הבאות,9809
5257,עניין,9804
5405,המכון,9802
5898,קבלת,9795
22271,פרקים,9788
7271,הציג,9771
15348,הקודם,9764
4302,חטיבת,9762
10433,עזה,9761
22427,התושבים,9760
10907,השליטה,9753
6157,שחור,9749
5799,רוח,9744
11086,במכון,9742
22490,פוליטית,9739
4087,אמנים,9736
6971,בנה,9729
8554,תנועה,9726
20474,הרשות,9722
6530,לסייע,9722
27915,מדרום,9722
34683,הבריאות,9719
2371,פרויקט,9711
10356,בתולדות,9709
13439,שלב,9693
6725,האחרים,9692
4350,איתו,9678
33826,הורה,9676
22001,המין,9675
33918,נחל,9665
1616,פרידריך,9663
24693,האישה,9662
32135,עלי,9652
28630,מוסקבה,9647
8122,ברמת,9647
4081,צארלס,9631
6711,נוסדה,9631
15393,הראשית,9628
10299,המשלחת,9628
34905,נמל,9626
34101,בניין,9624
16427,הערבי,9623
10156,מאוניברסיטת,9622
233,ישראלית,9617
6204,ביצע,9617
2036,בחצי,9613
30753,כיבוש,9608
3907,הדת,9578
10611,השביעי,9574
22705,כאן,9572
20240,פארק,9559
6921,הקדוש,9558
22105,האירוע,9558
1,תחום,9556
8689,הכריז,9555
6410,הסביבה,9549
31871,סנט,9539
6098,שניהם,9538
1947,היטב,9533
1175,סדרה,9526
19760,חוזר,9524
16999,מקורות,9522
5048,חלקי,9520
68208,בעמדת,9496
479,עוסק,9494
1633,אכן,9481
217,ישירות,9469
8548,האל,9466
4132,וה,9458
3313,אנגלית,9456
12085,חלקם,9452
12076,סמ,9448
10150,הבירה,9442
9817,נחשבת,9440
5666,ברוסית,9435
18047,ההר,9432
2642,אפשרות,9415
7517,לעמוד,9414
10957,לשנות,9411
8430,נותר,9408
34916,מטוסים,9406
26292,הדמות,9400
19294,שהגיע,9388
1005,שבהן,9386
2222,גל,9379
9272,ממוקם,9373
590,חוקרים,9371
1511,אדוארד,9370
36005,סרטי,9368
19541,פריז,9368
31105,הדמוקרטית,9357
2225,גילה,9352
6853,כולו,9349
1111,ישנה,9343
3782,עבודת,9342
18862,הסופר,9317
85836,כדורגלן,9312
9958,בגין,9306
3673,כאחד,9306
2578,הרעיון,9302
11217,בשעה,9297
227,מורה,9294
28150,סיוע,9291
44026,גדוד,9288
346,אירועים,9284
2146,ביצוע,9284
7217,זכות,9278
4802,לזכות,9272
1384,בכלל,9271
9012,אחראי,9259
8726,התקיים,9255
6017,הקהל,9253
2779,הפעילות,9247
1489,ריצרד,9246
15243,המחלקה,9243
1100,מילים,9241
27088,המלוכה,9238
31122,הולנד,9228
15824,אגודת,9224
13036,ואחר,9224
4949,כדורגל,9220
18521,נשא,9204
30657,מוחמד,9197
16910,בארגון,9196
4698,עובר,9193
10251,באקדמיה,9189
4459,הבאים,9188
28640,שלטונו,9187
126986,מליגת,9184
847,אוסף,9182
6926,ניכר,9172
9950,אבי,9167
3213,העלייה,9166
10097,קצרה,9163
1791,מרטין,9155
834,מספיק,9151
2362,הצדדים,9150
11307,ספרות,9146
2695,יצירת,9137
335,הצורך,9132
24686,האום,9131
6002,כדוגמת,9127
20262,נולדו,9112
18691,תקווה,9111
17806,לואיס,9111
4756,נוער,9100
30380,אוסטריה,9095
16478,לעזוב,9089
5024,הוכרז,9075
7825,המקורית,9059
8228,דניאל,9049
7330,עמדה,9044
13160,בתים,9042
16353,ששת,9042
483,העיקריים,9039
10847,פרוץ,9038
34061,לכנסת,9037
35766,שמעון,9020
1041,תחרות,9017
518,מתחיל,9016
3639,בתהליך,9013
44246,זילנד,9007
4684,שנערכו,9003
2906,לדעת,9000
1752,שליטה,8997
2720,בהוצאת,8988
3987,הלבן,8988
13274,הבניין,8981
8682,in,8978
163,לימוד,8972
22363,צבאית,8964
2361,מחקרים,8961
4168,קוריאה,8957
2147,פרטי,8955
16350,הערים,8948
10569,השלום,8943
55478,בריצת,8941
34646,הישיבה,8934
709,נפוץ,8932
3241,הביאה,8932
3464,בערך,8929
14145,מרדכי,8922
39325,נסע,8910
9791,עובד,8907
17822,הצוות,8906
5822,מוסדות,8903
2636,דוגמה,8892
34497,בנימין,8883
19878,החיילים,8883
6341,ביניהן,8880
3038,התקיימה,8879
13074,רדיו,8877
2878,הבמה,8875
3557,שירה,8873
10098,באיטליה,8871
7752,המשיכו,8870
4902,הוועד,8869
12698,הגבוהה,8865
1788,פרסום,8864
28858,הכיבוש,8859
2711,מלאה,8859
6510,עלו,8853
2931,שבעה,8849
10319,לילה,8847
873,מבנים,8845
18921,ברלין,8823
17028,בחיפה,8815
3905,שכלל,8812
9147,ייצור,8806
38367,אהבה,8805
8632,מצוי,8802
49816,אלן,8793
5381,שלח,8793
12597,בא,8791
2945,למוזיקה,8790
6914,סירב,8786
6417,להיכנס,8786
4644,ובה,8782
8503,מזכיר,8780
6661,שווה,8778
11424,אוגוסט,8776
19803,לבני,8774
6442,המונח,8771
7724,בעיתון,8770
6219,דרכים,8767
991,ניהול,8755
82293,הפארק,8750
11282,בכמה,8748
30787,יור,8736
97,התפתחות,8734
12036,העברי,8734
230,הלימודים,8731
10962,שבוע,8719
13376,הפועלים,8718
2600,מאחורי,8718
29383,ציבורית,8717
27120,ברציפות,8716
3030,העיקרית,8713
4712,בלי,8711
15589,אליהם,8708
3152,סגנון,8700
1416,דווקא,8700
9257,מטה,8697
657,הכללית,8697
34647,ישיבת,8696
1123,הזו,8694
6031,המקומי,8691
42718,נהרג,8689
4470,אירוע,8686
15512,ראשונה,8685
17009,ערים,8682
2952,יוון,8676
2942,דת,8670
3699,נמוכה,8668
22502,התנגדות,8657
7893,שהפך,8640
25737,ר,8638
53038,לנשיאות,8629
4336,חברתית,8628
6457,כלכלית,8626
6131,הפרויקט,8612
10235,דוקטור,8611
43760,בחיל,8610
8533,להוציא,8598
68956,אלוף,8593
887,זוכה,8569
26568,מטוס,8564
12994,הצטרפה,8562
2410,המודרנית,8559
17516,שניים,8552
11400,בצד,8552
2512,זוג,8551
16644,מעלות,8545
4362,בצבע,8542
3976,השחור,8540
3433,בכתב,8539
19550,פיטר,8527
7733,אחריו,8526
10023,במדינת,8521
17356,אדום,8517
1856,נקודת,8513
5055,לפתח,8506
9965,הנאצים,8504
1509,לפיתוח,8500
10780,מנחם,8498
18512,אמריקאית,8497
8347,בעצמו,8490
283,משם,8488
3430,היצירה,8488
5357,ומספר,8485
4418,שהגיעו,8474
3000,רומא,8471
3816,רואה,8466
10767,קרא,8465
26043,פרנק,8460
12231,בתגובה,8455
22163,המרד,8449
653,שלהן,8448
2702,ליצירת,8447
10038,האב,8446
27542,מוזיאון,8445
28702,מנהיג,8444
30728,חג,8440
7808,נותרו,8440
10209,נבנו,8438
39969,אריה,8434
32114,במחנה,8432
6371,לטיפול,8427
484,הופיעו,8418
8474,הצלחה,8416
13136,זוגות,8415
7229,באנגליה,8399
4325,אמור,8399
855,שום,8394
4326,משתנה,8387
1163,מקובל,8386
34122,בשכונת,8382
34586,השידור,8375
2242,הבסיס,8374
16362,השירות,8363
5688,לספק,8362
18794,שבת,8352
32649,ניהל,8349
14047,איגוד,8347
6438,זהה,8340
8373,המלכה,8338
10109,חסר,8335
26032,מאי,8333
3739,האנשים,8333
4147,לקחת,8327
16013,מקסיקו,8318
4474,הספורט,8312
3211,גידול,8307
139,נרחב,8305
3780,המקדש,8304
536,תוצאות,8303
36965,הספרדית,8301
1928,הביאו,8298
22507,הוקמו,8296
9341,מגיעים,8288
25566,הזמרת,8277
13122,משותף,8277
248,נושאים,8268
5375,האמריקני,8260
18439,הדמויות,8244
421,תורת,8241
29243,הוריו,8240
85413,לגמר,8237
8636,ובית,8237
28431,האפיפיור,8236
2662,בנושאים,8234
2206,חום,8229
42998,בבימויו,8228
18100,עין,8228
14822,הטיפול,8227
493,אדמה,8223
24702,אוסקר,8221
8268,לקח,8216
45126,הילד,8212
4142,הנוכחי,8209
4676,נערכה,8207
34794,רכבת,8202
49609,מר,8198
2610,פרטים,8190
3732,מעין,8189
14077,החברות,8184
36612,המוזיאון,8181
37799,בחירות,8180
14674,בים,8177
22139,העותמאנית,8176
1104,מיוחדת,8169
8271,איחוד,8168
2518,טרם,8167
1898,מראה,8166
1003,ניתוח,8166
4758,העולמית,8165
10234,הוענק,8163
22993,הדם,8161
2208,אנרגיה,8160
1968,המעבר,8159
33885,הזמר,8150
23402,הפוליטית,8149
4025,הלילה,8148
23003,ושני,8145
3578,אמצעי,8144
37413,בפיקודו,8142
5004,מורכבת,8137
10250,בברלין,8129
12117,מינית,8122
21935,פסק,8116
3449,קולות,8110
7610,תיאר,8103
3984,לואי,8103
7648,מבחינת,8103
3517,נקראת,8100
1552,באחד,8088
31229,רומניה,8078
4020,יוצר,8072
18489,שוחרר,8062
39282,נסיך,8061
22617,בחזית,8051
12444,יוני,8049
4913,הציבורי,8048
1328,עשויים,8048
69379,מדליית,8044
4493,באולימפיאדת,8042
3995,הארי,8041
1954,טבע,8037
31288,איי,8033
10502,היטלר,8032
38896,הספינה,8028
16864,לתואר,8019
8862,בטרם,8018
3362,צבע,8016
5110,שלישי,8009
5510,כלכלי,8006
16820,לחם,7999
4726,סוגי,7997
2437,משקל,7990
1823,נכלל,7985
2180,ואחרים,7985
11362,a,7977
2628,האנגלית,7977
5266,לקדם,7976
16721,לעלות,7974
1323,אמנם,7971
4145,חיות,7963
10568,ממשלה,7956
19889,הקימו,7947
10855,ציבור,7944
519,ראשית,7943
4988,המוקדמות,7942
16653,בממוצע,7938
17103,במרחק,7938
2673,העובדים,7932
9471,לחוק,7929
18848,ממ,7928
6966,סמית,7926
2800,מפתח,7925
6147,תפקידים,7923
4844,הבולטים,7922
11938,זאב,7920
7672,בדבר,7918
10014,בןגוריון,7913
960,קיימות,7911
4525,קל,7901
46806,בצהל,7901
25095,הבנייה,7898
3443,התפקיד,7896
11034,הקו,7884
883,רובם,7883
11616,מצליח,7883
11219,גרמני,7881
6935,לנשיא,7877
3722,זיכרון,7873
23158,מכון,7866
14066,סוריה,7865
6722,שאף,7864
9398,הקטן,7864
10338,שינה,7863
5283,בטענה,7862
10164,התקבל,7861
8466,ישו,7861
2106,כוכבים,7857
18005,הסובייטית,7852
2,דעת,7852
13364,גשר,7843
36166,להצטרף,7843
220,הערבית,7842
123527,המאמן,7842
2386,הנשק,7837
3941,חברו,7836
1337,יהיו,7834
19628,בשיא,7833
16230,I,7828
20699,כללו,7828
19176,ארוכה,7817
20076,ציין,7814
26136,יושב,7814
41028,הכסף,7805
4423,כבד,7802
1745,לזה,7801
42409,בקריירה,7798
212,השתמש,7794
3839,נהוג,7790
5251,פשוט,7790
6572,בבעלות,7789
8737,והגיע,7789
25570,בשיר,7786
32119,הלחימה,7782
11802,במוזיאון,7781
38282,מוות,7779
5242,עצמאית,7779
28471,המוות,7778
1201,כאלה,7777
10289,משלחת,7773
26410,ממזרח,7772
19307,שבט,7767
13416,ביטחון,7765
3708,קשרים,7759
6787,בחר,7755
8204,כתבי,7754
6369,דוגמת,7753
36327,חוף,7750
13953,שירותי,7744
10411,שזה,7744
25079,הוצאת,7743
3201,רוק,7738
24225,העניק,7731
47010,הקיבוץ,7731
5987,וידאו,7728
4930,פועלים,7715
6312,הבאה,7713
2111,לרבות,7711
897,פועל,7710
1350,המספר,7709
100,משמשת,7709
94,עצמאי,7708
4554,חומרים,7706
1202,אינן,7701
41611,מרי,7699
2646,בסביבות,7699
18860,ג,7695
5679,מקומיים,7695
5643,כעת,7694
6422,לאדם,7691
14506,האדמה,7690
26388,בדרגת,7689
19772,אוניות,7686
5907,מאפשר,7683
14026,למלחמה,7681
649,האלה,7680
9620,חד,7675
3477,דברים,7668
16248,ילד,7668
34839,לשירות,7665
1367,הזמנים,7663
16012,ברזיל,7662
1246,מקרים,7661
8549,רוצה,7660
192,בפרט,7654
24669,אוכלוסיית,7650
7353,תוצאה,7649
4515,מסלול,7647
33430,חיילי,7641
2422,בניסיון,7640
7025,בחזרה,7640
36771,המערכה,7640
35224,טקס,7635
19811,באר,7635
4407,דומים,7634
9808,גבוהים,7633
21292,באירוע,7630
10663,הועברו,7622
11254,הקרן,7613
20690,אישור,7612
30788,אבו,7611
287,הכוללת,7610
33839,פנה,7606
6292,ממשפחת,7600
12501,מתן,7599
4730,למדינה,7594
315,שיטות,7593
1857,מוצא,7591
39395,המחזה,7589
22070,המנדט,7582
6936,המלכותית,7579
23982,הדרום,7577
2761,מיוחדים,7575
3172,התזמורת,7569
31283,אירלנד,7562
16240,בכ,7556
3392,בהיותו,7552
5148,שפות,7549
2598,לעברית,7548
24779,הכי,7543
6999,לספר,7542
7947,רכש,7542
310,ושימש,7541
4914,הרוח,7539
3442,מקבל,7536
878,לעסוק,7534
4034,יחידת,7530
4970,בכדורגל,7527
2637,לאתר,7523
17814,בראון,7521
4624,הטובים,7509
16157,לתקופה,7507
3005,הניצחון,7503
10419,אומר,7499
32173,הקומוניסטית,7494
5186,אחוז,7493
50811,בכיר,7492
13009,פגיעה,7491
4278,הלב,7490
8266,האוצר,7487
99738,הNBA,7486
10609,בטלוויזיה,7485
16706,לגובה,7480
6968,להתגורר,7477
16393,הקיץ,7477
572,גודל,7476
7117,מופיעה,7471
1117,בהרבה,7468
8258,שקיבל,7464
65935,קבוצתו,7464
2531,סיבוב,7462
14685,האוקיינוס,7455
30233,הצטרפו,7450
3479,מהלך,7442
3889,מבוססת,7439
20405,החזית,7436
3636,אזורים,7435
9265,מעלה,7434
22755,אב,7433
10892,דגל,7431
11102,בתם,7429
16014,קולומביה,7423
20911,צו,7421
18995,ניסו,7418
3910,ולבסוף,7414
5692,חדר,7406
46565,אליזבת,7403
10827,מעשה,7400
6412,גרסאות,7397
849,טענה,7396
17203,מתוכם,7382
13817,במצרים,7381
12238,במים,7381
14785,הסדר,7374
20964,ששימש,7369
11237,נהג,7367
1893,קיום,7362
5662,קהילת,7359
7873,הובילה,7358
30713,מחנה,7357
29356,בריאות,7349
17729,השמיני,7346
38905,אליהו,7343
16633,הצפון,7342
507,ישנן,7341
21669,גונסון,7335
28543,מיכאל,7332
1917,לקיים,7328
24677,שיעור,7328
3265,האופרה,7326
31443,המושל,7325
37954,לענייני,7322
28849,יהדות,7319
132032,הקליפ,7319
66328,עבדה,7311
44913,צייר,7308
6282,תמונות,7305
8766,למרכז,7305
7960,קשות,7301
8534,כולה,7298
2012,החומר,7293
14479,אירועי,7286
5105,המוסד,7282
16022,שלי,7278
21585,גיי,7273
9215,קווי,7269
4703,בהדרגה,7268
6563,מנוע,7265
19790,דברי,7264
1894,פרט,7257
17443,המסחר,7257
33884,פסטיבל,7255
40036,דודו,7254
2157,בהצלחה,7253
374,המדע,7251
2218,יחידה,7250
13958,וגדל,7249
31219,אוקראינה,7248
15931,הברזל,7246
7367,לכהן,7239
7045,ובעיקר,7239
11120,בנם,7238
33285,יהושע,7236
26898,פרסמה,7235
14159,עברית,7233
8681,בינלאומי,7231
30712,כמפקד,7229
37242,הפיקוד,7228
5043,העליונה,7228
6503,סוגים,7227
6962,נישאה,7221
30756,אס,7220
2657,האינטרנט,7218
27901,סיני,7217
4672,התקיימו,7215
3516,מראש,7215
9307,לספירה,7212
6443,ייסד,7210
3560,סיפורים,7206
36368,ההסכם,7204
9997,תמך,7203
34104,בנק,7202
8775,התחתן,7201
29068,רומן,7198
22088,פה,7197
26138,התחתון,7196
34936,העפילה,7195
36,טבעי,7194
8452,לעצמו,7188
3215,הרדיו,7188
12667,ברזל,7182
33450,שערי,7182
12878,הקטנה,7176
10650,מינה,7173
264,משותפת,7170
6134,המבוסס,7169
11050,פעילותו,7164
23303,נבחרה,7158
7029,וסיים,7156
11168,החליטו,7152
1813,ידועים,7151
3193,ימינו,7148
1270,x,7147
2013,האנרגיה,7146
24679,גבר,7145
3027,מהמאה,7143
3580,זהות,7140
22082,הציונית,7138
5817,המנהל,7135
502,לחקר,7131
16691,טורקיה,7130
7895,מוכר,7129
5374,הסחר,7128
10803,למחנה,7120
33210,ללימודי,7117
1284,כלשהו,7115
2055,שהן,7114
3118,פיליפ,7112
197774,כסינגל,7111
51138,אנה,7098
8991,לעבודה,7092
25562,בתיכון,7089
1962,נאמר,7087
5722,הקשורים,7087
2507,החוקרים,7087
1890,מודל,7086
13372,הכניסה,7083
10859,המשטר,7081
31588,בשירות,7074
4810,גדלה,7073
2119,הכוכבים,7069
9255,הסיבה,7058
5874,ברמה,7056
30964,לכבוש,7054
41826,וושינגטון,7054
1375,טענו,7053
3948,לבנים,7053
4618,האיטלקי,7051
30802,קריית,7049
4484,קהל,7045
10876,בכוח,7041
7187,וילהלם,7041
13841,התעשייה,7036
7371,חייב,7036
12339,האש,7035
10666,ומאז,7035
4141,מקומו,7034
33774,איסור,7033
8635,במבנה,7028
6958,מות,7028
833,חזקה,7027
14568,סימן,7025
915,אחדים,7018
22832,תאי,7017
6084,עליית,7016
1716,טוען,7012
2926,עמק,7005
29412,שושלת,7002
10578,להילחם,7002
8420,שנכתב,6999
3003,השתמשו,6996
780,קשת,6996
28442,רחבי,6992
3753,מידי,6990
77964,האלופות,6984
10274,יפה,6983
5057,התגלה,6983
5187,מציג,6978
158,היוונית,6976
1094,עשויה,6976
2912,מתקופת,6973
7575,בדיוק,6973
13971,הציבורית,6972
2552,שיטה,6972
4870,בפעילות,6970
9976,מכתב,6967
32300,לחימה,6960
3291,לחבר,6959
13773,סחר,6956
1895,לאחת,6953
10481,לייצור,6949
946,להישאר,6949
32263,במבצע,6946
24646,איראן,6945
9756,תלמידים,6942
14786,מתייחס,6942
7969,נפש,6942
1702,ויותר,6934
32536,תעשיית,6933
5290,החדשים,6931
2680,למנות,6923
10317,לכאורה,6920
12206,בהרכב,6917
11214,במקומו,6916
14208,החדשות,6905
24852,נעצר,6905
2376,באמריקה,6904
4630,מהעיר,6900
30555,שוודיה,6897
3489,חזק,6894
46027,השופט,6889
28080,גרמנית,6888
6221,ישיר,6884
18735,קג,6883
2629,שהוקמה,6882
15806,חיה,6882
1812,במגוון,6881
28506,בפולין,6880
58127,הדרמה,6878
12174,בספרות,6876
715,המשמש,6875
31625,הקימה,6865
158429,קליפ,6857
27087,למשפחת,6852
10040,חלה,6850
6239,להציג,6849
6209,שימשו,6847
5015,רצה,6845
3632,עיבוד,6844
5343,סמל,6844
11170,החלטה,6835
72119,גקסון,6835
63310,הבמאי,6832
8270,הבנק,6831
784,להן,6827
51343,הצעירה,6824
820,כזו,6818
41567,בישיבת,6817
34006,מושל,6816
39909,הרומן,6813
2707,פעלו,6809
8018,דופן,6808
5073,העביר,6804
63350,הטורניר,6794
5236,הלכה,6793
4795,ניסיונות,6791
39846,השער,6791
3367,אנו,6788
22377,החמישית,6785
55599,האליפות,6779
37325,הגנרל,6778
57,מוקדם,6776
20488,החליף,6773
4491,החורף,6771
16834,המזון,6770
37210,בקרבות,6765
53429,שחקנית,6763
27553,דני,6761
5358,ארגונים,6758
3511,בנים,6758
15387,לקידום,6757
34578,התחנה,6756
15962,עלייה,6755
38040,ברצלונה,6754
10290,ארתור,6753
4669,הגביע,6751
42507,לאישה,6749
5140,C,6742
1371,מידה,6742
11109,נפטרה,6740
12277,המילים,6740
18280,אגם,6739
11143,סכום,6736
18137,האירופית,6735
1678,ציבורי,6728
21908,לסיום,6726
14372,קהילה,6719
30679,פרשת,6716
19257,מגדל,6716
11229,יולי,6715
1415,ואם,6714
4348,כותב,6709
18631,טרור,6704
42579,פרישתו,6704
36884,ביפן,6703
48042,שירותו,6697
8764,נמשך,6693
2159,ובמיוחד,6689
14183,מתפקידו,6684
83716,מאמן,6682
38269,סטודנטים,6681
5463,עצם,6679
8861,לחברה,6678
9027,האישי,6678
40803,שהוקם,6676
27314,האיים,6673
33420,התגוררו,6671
11667,לעזור,6669
43411,במוסקבה,6665
15984,קורס,6664
1825,בינלאומיים,6660
4682,במשחקים,6657
9595,בשביל,6657
6449,חברתי,6655
16335,אלי,6651
22349,קרבות,6649
39431,התגורר,6638
21467,תא,6631
86,במחקר,6627
22548,מגן,6622
5862,מסוימות,6615
13029,כשהיא,6615
5675,הגרסה,6615
2752,משתמש,6614
25014,שטחי,6611
6227,אות,6606
4584,ציוד,6605
15891,הסובייטי,6604
27933,בהר,6599
2946,היסטוריה,6589
10535,חשש,6579
16128,למלך,6578
50691,לאקרנים,6577
3242,עמה,6576
25285,גונס,6575
22118,הפוליטי,6573
9436,בחוק,6571
10277,חבריו,6570
16147,בסין,6569
19868,מרד,6567
46038,התגייס,6566
22245,ברומא,6566
3683,אזורי,6565
1376,נבנתה,6565
7350,לקבוע,6564
28315,פוליטי,6561
13598,המשרד,6561
8414,שהוביל,6559
31373,אזרחי,6557
22469,אמן,6556
36833,צי,6553
4900,ארגוני,6548
34946,ישיבה,6546
26923,קמר,6543
18378,מקרה,6543
16280,לימד,6542
1404,הבלתי,6536
12143,לפגוע,6532
9774,בקטגוריית,6531
7180,במה,6529
33517,עש,6529
29903,ליהודים,6526
3717,תכנון,6526
2077,צורת,6524
5119,הלא,6522
10939,מאסר,6521
13110,הרשת,6519
2874,במחלוקת,6514
10676,מטרות,6514
8782,הכיר,6505
28325,חיו,6494
4439,to,6486
43511,המודיעין,6480
1981,נע,6479
8410,האנגלי,6477
50649,הבוגרת,6473
8441,דעות,6473
17823,הספרדי,6471
5495,חופש,6470
28615,לקרב,6466
4999,המקור,6463
7298,מקומי,6460
1023,חקר,6460
1484,ומאוחר,6458
15789,רופא,6457
9441,בשדה,6456
70728,במרוץ,6456
6267,ציור,6452
2075,אופי,6451
39874,למחרת,6448
32935,עצים,6447
3058,החשובים,6444
8678,לירושלים,6444
4301,תיבות,6443
72645,האולפן,6439
18500,ביצעה,6435
14419,רכשה,6435
4277,תשומת,6430
1470,בפיתוח,6430
5458,גרמה,6430
22291,העממית,6429
11398,הספרות,6429
24976,מסדר,6425
24230,בספרדית,6425
2640,שפת,6423
17350,במחצית,6421
7474,העברת,6421
25827,לרפואה,6420
7326,היותו,6420
1495,שילוב,6420
6319,גרסת,6419
9266,לפיכך,6418
47263,נפצע,6418
7881,ביקורות,6416
1572,ישנו,6414
8079,עזר,6413
20706,אוקטובר,6413
16203,ובנוסף,6413
1173,היסוד,6412
5423,האפשרות,6412
6097,נוסד,6411
5353,רשם,6409
15108,יוכל,6409
8926,דגם,6408
11881,קצרים,6407
28384,הקדושה,6405
8557,הגן,6405
3029,הביטוי,6403
48223,קפטן,6402
11023,הצופים,6402
5040,הפיתוח,6401
22254,אחדות,6395
5617,מסוגל,6391
7032,אריק,6389
781,רחבה,6386
11246,לקרוא,6386
2692,שנמצא,6383
14797,מעשי,6381
37421,קנדי,6374
4768,ישראלים,6370
30506,דנמרק,6369
37393,מארצות,6369
12862,נקראה,6365
12314,לגלות,6363
13969,יכלו,6362
2650,קהילות,6359
32538,טנקים,6357
702,מחשב,6356
15908,בספרד,6355
1055,היכולת,6354
30510,בולגריה,6353
2011,התנהגות,6352
11135,מגורים,6349
1630,ואין,6347
26102,נוסעים,6343
18948,שזכתה,6340
1136,להימנע,6340
496,ארבעת,6339
20132,חייהם,6336
5018,לוח,6334
43621,המטוסים,6334
3428,המבצע,6329
3007,והיו,6326
6726,שאינה,6322
27934,אלון,6320
3413,נפרד,6320
31246,שוכן,6318
24647,עיראק,6316
4610,בברית,6316
31432,אורי,6314
1329,לבחור,6306
1839,יסוד,6303
13910,שכללה,6301
490,להבין,6300
7803,הכלכלית,6300
6758,צריכה,6299
3655,בהשוואה,6298
17095,ממוקמת,6298
11084,פגש,6296
8807,מהרה,6293
29246,לחיות,6291
6502,לשלושה,6289
5013,למערכת,6287
11133,שהה,6287
67602,החטיבה,6285
5925,לרשת,6284
28147,בתמורה,6284
1298,ענף,6283
2725,כ־,6279
12773,לשתי,6278
48371,פיקד,6278
2508,עדויות,6276
111717,ששיחק,6272
9146,חשמל,6270
28310,אלימות,6268
10878,להרוג,6267
9238,הישן,6267
462,בבסיס,6266
7533,עיצוב,6266
7100,היד,6265
24704,הדגל,6264
8663,חוקר,6263
1303,נועד,6260
1042,שפה,6257
4967,זרים,6255
7009,הולדתו,6254
10967,העמים,6252
9960,חלקו,6251
52958,ביים,6249
4959,שכר,6248
587,תכונות,6248
21210,בקרבת,6244
17287,ובעקבות,6240
5364,הסתיימה,6239
4165,גו,6237
3626,מתרחשת,6236
27996,הפתיחה,6236
46730,רוזן,6232
28626,הפלישה,6232
2517,מאה,6231
6877,לפיה,6229
8067,בקשר,6227
37621,הסתיים,6222
7446,שעבר,6217
34807,הכביש,6213
4413,התפרסם,6211
1723,בעניין,6211
3390,השקט,6210
4460,מהירות,6207
9424,ממש,6207
7092,לפנות,6204
72044,סקוט,6200
5474,העלה,6199
2155,השיטה,6198
11300,מערך,6198
20129,למוות,6196
18833,האיטלקית,6195
81754,You,6193
12968,לייצר,6192
27428,ובמקום,6192
34600,המחנה,6190
2811,רעיון,6190
33947,וראש,6189
22733,המינים,6188
27757,רפואי,6185
34282,מלון,6177
9497,הנמצא,6176
997,עושה,6174
26018,בריטי,6174
8494,עסקה,6166
11038,פתיחת,6166
7926,נתון,6164
394,עיקר,6164
9080,הכריזה,6164
14270,ההחלטה,6163
23147,מורשת,6162
8745,בגודל,6161
96814,הקורפוס,6157
1956,חוקים,6156
216,הלך,6155
50741,דונם,6155
2899,הקשה,6151
5416,סעיף,6149
36257,הבכור,6145
5721,מגזין,6145
1215,בהקשר,6143
25127,וזכתה,6141
14714,הפרק,6141
32110,הצעירים,6137
5272,בשוק,6135
17839,ביתר,6132
52823,לוס,6131
13881,שודרה,6131
7883,כללית,6131
118,מדע,6125
5624,מאפשרת,6124
3576,מקומית,6123
4353,במשפט,6121
1660,לנו,6118
33283,המסורת,6118
13771,הכלכלה,6115
2596,מרץ,6111
33560,השכונה,6111
30773,הפלסטינית,6109
7548,הנקרא,6108
13464,הסוכנות,6108
868,המחשב,6101
8758,למצב,6100
8656,לציבור,6098
8987,למדי,6097
8362,כנשיא,6094
47007,בקיבוץ,6092
634,בנייה,6092
16308,אהרן,6092
1062,הופך,6091
9198,איכות,6091
8828,בחיים,6088
546,מהווים,6087
38516,משא,6085
1700,כלים,6085
2962,בולט,6082
3,העוסק,6082
27142,פרנסיסקו,6073
14659,לים,6071
1941,בשלהי,6070
133686,ריבאונדים,6068
6902,בוגר,6066
26919,הצעת,6065
12955,B,6063
6619,הוצג,6063
10712,מלחמות,6062
6309,הידועה,6062
5385,לשלם,6059
36806,הבכירה,6058
12885,פעלה,6056
1631,ספק,6049
26411,ממערב,6048
15427,טווח,6047
18537,איתה,6044
7458,וקיבל,6043
36004,המצרי,6042
23204,המאבק,6042
2872,אישית,6038
5970,עזרה,6038
15117,רצון,6036
340,שטחים,6034
14818,הקודמת,6034
11646,זמנית,6033
7071,בביתו,6030
7127,גבול,6029
36907,התפטר,6028
5658,רגל,6025
18612,נזק,6023
12847,דור,6022
6273,לנהל,6017
4228,גק,6012
8374,אן,6010
7604,נוצרים,6008
3328,המערב,6007
14477,בתנאי,6006
32942,תעופה,6006
38762,ארגנטינה,6003
26293,הקורונה,6002
9886,עולים,6000
12099,בלילה,5994
17052,קרקע,5984
2780,לזהות,5982
46026,הגדוד,5980
1508,השראה,5972
1701,חשובים,5972
34253,שאול,5961
16859,לימודים,5960
65328,לעונה,5959
10755,בשלושה,5959
8229,יוחנן,5958
10749,לרב,5957
31121,פורטוגל,5956
2551,מהיר,5953
37894,השחקנית,5947
57849,דיסני,5945
30853,לאי,5944
196,בתרגום,5940
11569,תנועות,5939
21679,מארק,5937
5001,לשינוי,5932
11693,הראש,5931
25863,הפדרציה,5929
4646,הצרפתים,5928
396,הערבים,5927
15779,אליעזר,5924
25939,צרפתי,5923
42465,הסנאט,5921
8582,השלים,5919
811,מחלוקת,5915
17824,הזכות,5915
2416,השבעים,5915
14041,מסחר,5915
27866,הירדן,5915
34629,לאמנויות,5914
9728,חייה,5911
1400,המפורסם,5910
27227,מאבק,5908
756,קצב,5907
17906,מצאו,5907
28326,לוחמים,5903
16436,ומשם,5903
42406,הגברים,5902
16002,צרפתית,5900
15581,ועבר,5900
57897,מכונית,5895
3536,קטע,5894
45714,הבן,5892
26535,שמן,5891
9716,לפעילות,5891
59972,הפסיד,5889
69070,כמנהל,5886
7110,מציין,5881
25375,השיא,5879
5746,תלוי,5878
5895,לרכוש,5874
7980,סבל,5870
36967,המורדים,5866
747,הרבים,5866
5172,שוק,5865
33400,פרץ,5863
2838,גובה,5861
13329,לזמן,5861
4201,השמונים,5861
20333,רקורדס,5859
4818,הדברים,5858
9715,נעשו,5857
2791,רשימת,5850
38477,המפעל,5849
18067,נשלחו,5849
18683,לחיים,5848
23806,האמריקנית,5846
24606,מדגם,5846
827,התוצאה,5842
162102,גילמה,5841
2801,בגוף,5841
40873,כיסוי,5841
5439,לחברת,5840
68090,מדריד,5839
173598,אלבומה,5835
9869,מגיעה,5835
110934,לאלבום,5826
2924,היפני,5826
7444,שמש,5822
28370,למעמד,5822
41910,דמותה,5821
38089,סייע,5813
2252,זרם,5812
12146,מחלות,5811
20220,המקומיים,5805
9449,שמדובר,5804
37404,לעצור,5803
40602,האונייה,5799
2739,המבקרים,5798
22508,תחנות,5796
30613,שרון,5795
6525,זוהי,5794
62986,ניצחונות,5791
12037,לתוכנית,5791
1185,הובילו,5791
26097,במחזה,5789
29324,ברוך,5789
34940,באצטדיון,5788
15700,מופיעים,5788
1419,המוח,5788
2047,דרכה,5787
18597,המשימה,5787
5037,עורכי,5785
8405,הוסיף,5779
13597,עובדי,5779
1247,פרטיים,5778
17015,בערים,5778
4477,במשחקי,5775
7984,המחלה,5770
30044,הכהן,5770
5389,יוצרים,5770
1198,קשים,5769
10247,למנהל,5765
2922,צד,5764
8521,עדות,5761
15838,עיתון,5756
441,בולטים,5755
4910,שוויון,5752
1348,לומר,5751
24563,ינואר,5750
826,אולי,5745
21000,עצמית,5744
27106,חל,5742
10721,פוליטיים,5742
39825,פרנץ,5738
21193,בעיני,5734
291,חיבור,5733
5299,רואים,5729
505,בהתאמה,5729
39180,משפחתה,5724
126796,לליגת,5721
4679,לנוער,5718
7674,הייצור,5717
156201,סינגל,5715
26969,בשבוע,5712
1101,פתוח,5705
6753,האות,5704
6976,טובים,5700
10700,הכול,5696
10727,בשר,5696
22246,השלטונות,5687
2561,בשיטת,5687
3966,משנות,5685
6865,פיתח,5683
44616,החוקה,5682
2896,באה,5678
10608,לשאת,5676
13775,כספים,5674
12457,הודות,5674
31571,נפוליאון,5672
32155,ביישוב,5672
12666,להתקיים,5670
11147,בשנית,5669
47118,גב,5668
8665,יליד,5668
4346,עלול,5666
4075,דייוויס,5666
60,מאפיינים,5662
23519,ואחד,5661
16678,ספטמבר,5657
17637,ענק,5656
1517,הפרס,5655
4786,מטרת,5655
7880,איתן,5655
39172,שכיהן,5649
7840,ידו,5639
29841,נרצחו,5637
7934,האירועים,5632
13107,לארגון,5624
14105,קבעה,5623
31489,עצמי,5621
14397,חזרו,5619
1091,צורה,5612
15851,נותרה,5612
26622,אחותו,5610
28279,צבאיים,5608
28491,הנמל,5608
29529,מקס,5603
6864,האור,5603
7767,המשורר,5596
66278,לימודיה,5594
12738,גז,5591
6332,הוחלף,5591
5103,ממשיך,5591
4755,מתקיים,5588
12410,תיכון,5587
2604,שאם,5587
785,פתרון,5584
14927,יזם,5583
4968,הכדורסל,5581
11622,המקרים,5579
1002,תיאור,5577
4024,בשעות,5576
573,מוביל,5575
2522,המוביל,5574
30583,לגור,5572
10717,לרגל,5572
8757,העץ,5570
2428,המטרה,5570
18951,לצרפת,5569
452,שלם,5569
36581,מילא,5566
92311,שחקני,5566
12285,במשפחה,5565
41734,קוק,5561
4006,להחזיר,5558
37250,בפיקוד,5557
18069,חלל,5552
4893,תרופות,5552
16610,הערוץ,5549
5170,בנושאי,5547
4478,וכיום,5547
11183,התקבלה,5547
29362,פתחה,5546
13020,וכתוצאה,5545
5201,נובע,5545
4505,לדבר,5543
28397,הצלב,5538
13877,בלוס,5536
6591,בינלאומית,5535
34280,העירייה,5535
32245,הכיפורים,5533
16349,בשלוש,5532
7434,לחקור,5531
4104,האמנים,5527
1356,הוראה,5527
8526,הבחירה,5527
7858,הירח,5523
5971,מחבר,5522
27341,לנצח,5522
9537,השדה,5521
8,מרחב,5520
14895,מכלל,5519
1751,התלמידים,5518
25589,היהדות,5514
24912,חיבר,5510
1081,מוזיקלי,5510
36428,נפגש,5506
1753,חשובה,5496
90776,המוזיקלי,5495
71238,בסרטים,5494
3558,לביצוע,5494
34287,בכירים,5490
10420,האמיתי,5490
16645,שוכנת,5490
39882,וחבר,5489
7833,המציאות,5487
4017,הרחב,5484
13716,וחלק,5484
34103,משטרת,5480
19733,להציל,5480
17017,ממוצע,5476
35713,הכתר,5476
6782,מוצרים,5475
3827,מייסד,5475
45482,נתניהו,5474
6020,מוצרי,5473
2148,ה־,5473
15332,דגים,5472
373,תחומי,5472
14873,נאלצו,5467
20434,לשרת,5466
5461,עמדו,5465
6602,הרשמית,5465
40545,בחדר,5464
12548,לכוחות,5463
6932,בחייו,5463
1739,גרמו,5461
37836,אישר,5460
40140,שכבר,5458
22572,האסלאם,5455
